[{ "id": "3330d5a3-f38e-48fd-a3e6-000000000001", "data": [ { "text": "Do you like the decorations of that coffee shop?", "userDefined": false } ], "isTemplate": false, "count": 0 },{ "id": "3330d5a3-f38e-48fd-a3e6-000000000001", "data": [ { "text": "Do you like the adornments of that coffeehouse?", "userDefined": false } ], "isTemplate": false, "count": 0 },{ "id": "3330d5a3-f38e-48fd-a3e6-000000000001", "data": [ { "text": "Do you like the embellishments of that café?", "userDefined": false } ], "isTemplate": false, "count": 0 },{ "id": "3330d5a3-f38e-48fd-a3e6-000000000001", "data": [ { "text": "Do you like the embellishments of that bistro?", "userDefined": false } ], "isTemplate": false, "count": 0 },]