[{ "id": "3330d5a3-f38e-48fd-a3e6-000000000001", "data": [ { "text": "How many citizens are there in that country?", "userDefined": false } ], "isTemplate": false, "count": 0 },{ "id": "3330d5a3-f38e-48fd-a3e6-000000000001", "data": [ { "text": "What number of subjects are there in that nation?", "userDefined": false } ], "isTemplate": false, "count": 0 },{ "id": "3330d5a3-f38e-48fd-a3e6-000000000001", "data": [ { "text": "What number of subjects are there in that country?", "userDefined": false } ], "isTemplate": false, "count": 0 },]