[{ "id": "3330d5a3-f38e-48fd-a3e6-000000000001", "data": [ { "text": "Who’s your best friend?", "userDefined": false } ], "isTemplate": false, "count": 0 },{ "id": "3330d5a3-f38e-48fd-a3e6-000000000001", "data": [ { "text": "Who's your closest companion?", "userDefined": false } ], "isTemplate": false, "count": 0 },{ "id": "3330d5a3-f38e-48fd-a3e6-000000000001", "data": [ { "text": "Who's your nearest sidekick?", "userDefined": false } ], "isTemplate": false, "count": 0 },{ "id": "3330d5a3-f38e-48fd-a3e6-000000000001", "data": [ { "text": "Who's your closest sidekick?", "userDefined": false } ], "isTemplate": false, "count": 0 },]