[{ "id": "3330d5a3-f38e-48fd-a3e6-000000000001", "data": [ { "text": "When did you first see it?", "userDefined": false } ], "isTemplate": false, "count": 0 },{ "id": "3330d5a3-f38e-48fd-a3e6-000000000001", "data": [ { "text": "At the point when did you first observe it?", "userDefined": false } ], "isTemplate": false, "count": 0 },{ "id": "3330d5a3-f38e-48fd-a3e6-000000000001", "data": [ { "text": "Right when did you initially watch it?", "userDefined": false } ], "isTemplate": false, "count": 0 },{ "id": "3330d5a3-f38e-48fd-a3e6-000000000001", "data": [ { "text": "Right when did you at first watch it?", "userDefined": false } ], "isTemplate": false, "count": 0 },]