[{ "id": "3330d5a3-f38e-48fd-a3e6-000000000001", "data": [ { "text": "What difficulties did you face because of that problem?", "userDefined": false } ], "isTemplate": false, "count": 0 },{ "id": "3330d5a3-f38e-48fd-a3e6-000000000001", "data": [ { "text": "What troubles did you confront due to that issue?", "userDefined": false } ], "isTemplate": false, "count": 0 },{ "id": "3330d5a3-f38e-48fd-a3e6-000000000001", "data": [ { "text": "What inconveniences did you stand up to because of that issue?", "userDefined": false } ], "isTemplate": false, "count": 0 },{ "id": "3330d5a3-f38e-48fd-a3e6-000000000001", "data": [ { "text": "What bothers did you face on account of that issue?", "userDefined": false } ], "isTemplate": false, "count": 0 },{ "id": "3330d5a3-f38e-48fd-a3e6-000000000001", "data": [ { "text": "What disturbs did you look by virtue of that issue?", "userDefined": false } ], "isTemplate": false, "count": 0 },]