[{ "id": "3330d5a3-f38e-48fd-a3e6-000000000001", "data": [ { "text": "Does it attract many tourists to come?", "userDefined": false } ], "isTemplate": false, "count": 0 },{ "id": "3330d5a3-f38e-48fd-a3e6-000000000001", "data": [ { "text": "Does it pull in numerous voyagers to come?", "userDefined": false } ], "isTemplate": false, "count": 0 },{ "id": "3330d5a3-f38e-48fd-a3e6-000000000001", "data": [ { "text": "Does it pull in various voyagers to come?", "userDefined": false } ], "isTemplate": false, "count": 0 },{ "id": "3330d5a3-f38e-48fd-a3e6-000000000001", "data": [ { "text": "Does it pull in different voyagers to come?", "userDefined": false } ], "isTemplate": false, "count": 0 },]