[{ "id": "3330d5a3-f38e-48fd-a3e6-000000000001", "data": [ { "text": "Can you sing their songs?", "userDefined": false } ], "isTemplate": false, "count": 0 },{ "id": "3330d5a3-f38e-48fd-a3e6-000000000001", "data": [ { "text": "Would you be able to sing their tunes?", "userDefined": false } ], "isTemplate": false, "count": 0 },{ "id": "3330d5a3-f38e-48fd-a3e6-000000000001", "data": [ { "text": "Would you have the capacity to sing their tunes?", "userDefined": false } ], "isTemplate": false, "count": 0 },{ "id": "3330d5a3-f38e-48fd-a3e6-000000000001", "data": [ { "text": "Would you have the ability to sing their tunes?", "userDefined": false } ], "isTemplate": false, "count": 0 },]