[{ "id": "3330d5a3-f38e-48fd-a3e6-000000000001", "data": [ { "text": "Have you ever seen them in real life?", "userDefined": false } ], "isTemplate": false, "count": 0 },{ "id": "3330d5a3-f38e-48fd-a3e6-000000000001", "data": [ { "text": "Have you at any point seen them, all things considered?", "userDefined": false } ], "isTemplate": false, "count": 0 },{ "id": "3330d5a3-f38e-48fd-a3e6-000000000001", "data": [ { "text": "Have you anytime seen them, everything considered?", "userDefined": false } ], "isTemplate": false, "count": 0 },{ "id": "3330d5a3-f38e-48fd-a3e6-000000000001", "data": [ { "text": "Have you whenever seen them, everything considered?", "userDefined": false } ], "isTemplate": false, "count": 0 },{ "id": "3330d5a3-f38e-48fd-a3e6-000000000001", "data": [ { "text": "Have you at whatever point seen them, everything considered?", "userDefined": false } ], "isTemplate": false, "count": 0 },]