[{ "id": "3330d5a3-f38e-48fd-a3e6-000000000001", "data": [ { "text": "What did you get after the project?", "userDefined": false } ], "isTemplate": false, "count": 0 },{ "id": "3330d5a3-f38e-48fd-a3e6-000000000001", "data": [ { "text": "What did you get after the venture?", "userDefined": false } ], "isTemplate": false, "count": 0 },{ "id": "3330d5a3-f38e-48fd-a3e6-000000000001", "data": [ { "text": "What did you get after the wander?", "userDefined": false } ], "isTemplate": false, "count": 0 },{ "id": "3330d5a3-f38e-48fd-a3e6-000000000001", "data": [ { "text": "What did you get after the meander?", "userDefined": false } ], "isTemplate": false, "count": 0 },]