[{ "id": "3330d5a3-f38e-48fd-a3e6-000000000001", "data": [ { "text": "What is the ideal age to get married in your opinion?", "userDefined": false } ], "isTemplate": false, "count": 0 },{ "id": "3330d5a3-f38e-48fd-a3e6-000000000001", "data": [ { "text": "What is the perfect age to get hitched as you would like to think?", "userDefined": false } ], "isTemplate": false, "count": 0 },{ "id": "3330d5a3-f38e-48fd-a3e6-000000000001", "data": [ { "text": "What is the ideal age to get hitched as you might want to think?", "userDefined": false } ], "isTemplate": false, "count": 0 },{ "id": "3330d5a3-f38e-48fd-a3e6-000000000001", "data": [ { "text": "What is the perfect age to get hitched as you should need to think?", "userDefined": false } ], "isTemplate": false, "count": 0 },{ "id": "3330d5a3-f38e-48fd-a3e6-000000000001", "data": [ { "text": "What is the ideal age to get hitched as you should need to think?", "userDefined": false } ], "isTemplate": false, "count": 0 },]