[{ "id": "3330d5a3-f38e-48fd-a3e6-000000000001", "data": [ { "text": "What was the most interesting ritual in the wedding?", "userDefined": false } ], "isTemplate": false, "count": 0 },{ "id": "3330d5a3-f38e-48fd-a3e6-000000000001", "data": [ { "text": "What was the most fascinating custom in the wedding?", "userDefined": false } ], "isTemplate": false, "count": 0 },{ "id": "3330d5a3-f38e-48fd-a3e6-000000000001", "data": [ { "text": "What was the most captivating custom in the wedding?", "userDefined": false } ], "isTemplate": false, "count": 0 },{ "id": "3330d5a3-f38e-48fd-a3e6-000000000001", "data": [ { "text": "What was the most spellbinding custom in the wedding?", "userDefined": false } ], "isTemplate": false, "count": 0 },{ "id": "3330d5a3-f38e-48fd-a3e6-000000000001", "data": [ { "text": "What was the most enchanting custom in the wedding?", "userDefined": false } ], "isTemplate": false, "count": 0 },]