[{ "id": "3330d5a3-f38e-48fd-a3e6-000000000001", "data": [ { "text": "How did you feel then?", "userDefined": false } ], "isTemplate": false, "count": 0 },{ "id": "3330d5a3-f38e-48fd-a3e6-000000000001", "data": [ { "text": "How could you feel at that point?", "userDefined": false } ], "isTemplate": false, "count": 0 },{ "id": "3330d5a3-f38e-48fd-a3e6-000000000001", "data": [ { "text": "How might you feel by then?", "userDefined": false } ], "isTemplate": false, "count": 0 },{ "id": "3330d5a3-f38e-48fd-a3e6-000000000001", "data": [ { "text": "By what means may you feel by at that point?", "userDefined": false } ], "isTemplate": false, "count": 0 },{ "id": "3330d5a3-f38e-48fd-a3e6-000000000001", "data": [ { "text": "By what means may you feel by then?", "userDefined": false } ], "isTemplate": false, "count": 0 },]