[{ "id": "3330d5a3-f38e-48fd-a3e6-000000000001", "data": [ { "text": "What do you learn from it?", "userDefined": false } ], "isTemplate": false, "count": 0 },{ "id": "3330d5a3-f38e-48fd-a3e6-000000000001", "data": [ { "text": "What do you gain from it?", "userDefined": false } ], "isTemplate": false, "count": 0 },{ "id": "3330d5a3-f38e-48fd-a3e6-000000000001", "data": [ { "text": "What do you pick up from it?", "userDefined": false } ], "isTemplate": false, "count": 0 },{ "id": "3330d5a3-f38e-48fd-a3e6-000000000001", "data": [ { "text": "What do you get from it?", "userDefined": false } ], "isTemplate": false, "count": 0 },]