[{ "id": "3330d5a3-f38e-48fd-a3e6-000000000001", "data": [ { "text": "What qualities does a person need to be an artist?", "userDefined": false } ], "isTemplate": false, "count": 0 },{ "id": "3330d5a3-f38e-48fd-a3e6-000000000001", "data": [ { "text": "What characteristics does a man should be a craftsman?", "userDefined": false } ], "isTemplate": false, "count": 0 },{ "id": "3330d5a3-f38e-48fd-a3e6-000000000001", "data": [ { "text": "What qualities does a man ought to be a skilled worker?", "userDefined": false } ], "isTemplate": false, "count": 0 },{ "id": "3330d5a3-f38e-48fd-a3e6-000000000001", "data": [ { "text": "What characteristics does a man should be a gifted laborer?", "userDefined": false } ], "isTemplate": false, "count": 0 },{ "id": "3330d5a3-f38e-48fd-a3e6-000000000001", "data": [ { "text": "What attributes does a man ought to be a talented worker?", "userDefined": false } ], "isTemplate": false, "count": 0 },{ "id": "3330d5a3-f38e-48fd-a3e6-000000000001", "data": [ { "text": "What qualities does a man should be a gifted laborer?", "userDefined": false } ], "isTemplate": false, "count": 0 },]