[{ "id": "3330d5a3-f38e-48fd-a3e6-000000000001", "data": [ { "text": "What can you learn from books?", "userDefined": false } ], "isTemplate": false, "count": 0 },{ "id": "3330d5a3-f38e-48fd-a3e6-000000000001", "data": [ { "text": "What would you be able to gain from books?", "userDefined": false } ], "isTemplate": false, "count": 0 },{ "id": "3330d5a3-f38e-48fd-a3e6-000000000001", "data": [ { "text": "What might you have the capacity to pick up from books?", "userDefined": false } ], "isTemplate": false, "count": 0 },{ "id": "3330d5a3-f38e-48fd-a3e6-000000000001", "data": [ { "text": "What may you have the ability to get from books?", "userDefined": false } ], "isTemplate": false, "count": 0 },{ "id": "3330d5a3-f38e-48fd-a3e6-000000000001", "data": [ { "text": "What may you have the capacity to get from books?", "userDefined": false } ], "isTemplate": false, "count": 0 },]