[{ "id": "3330d5a3-f38e-48fd-a3e6-000000000001", "data": [ { "text": "What's your favorite type of book?", "userDefined": false } ], "isTemplate": false, "count": 0 },{ "id": "3330d5a3-f38e-48fd-a3e6-000000000001", "data": [ { "text": "What's your most loved sort of book?", "userDefined": false } ], "isTemplate": false, "count": 0 },{ "id": "3330d5a3-f38e-48fd-a3e6-000000000001", "data": [ { "text": "What's your most adored kind of book?", "userDefined": false } ], "isTemplate": false, "count": 0 },{ "id": "3330d5a3-f38e-48fd-a3e6-000000000001", "data": [ { "text": "What's your most worshiped sort of book?", "userDefined": false } ], "isTemplate": false, "count": 0 },{ "id": "3330d5a3-f38e-48fd-a3e6-000000000001", "data": [ { "text": "What's your most worshiped kind of book?", "userDefined": false } ], "isTemplate": false, "count": 0 },]