[{ "id": "3330d5a3-f38e-48fd-a3e6-000000000001", "data": [ { "text": "How long does it take you to finish a book?", "userDefined": false } ], "isTemplate": false, "count": 0 },{ "id": "3330d5a3-f38e-48fd-a3e6-000000000001", "data": [ { "text": "To what extent does it take you to complete a book?", "userDefined": false } ], "isTemplate": false, "count": 0 },{ "id": "3330d5a3-f38e-48fd-a3e6-000000000001", "data": [ { "text": "What exactly degree does it take you to finish a book?", "userDefined": false } ], "isTemplate": false, "count": 0 },{ "id": "3330d5a3-f38e-48fd-a3e6-000000000001", "data": [ { "text": "What precisely degree does it take you to complete a book?", "userDefined": false } ], "isTemplate": false, "count": 0 },]