[{ "id": "3330d5a3-f38e-48fd-a3e6-000000000001", "data": [ { "text": "Did you experience your childhood in a city or countryside?", "userDefined": false } ], "isTemplate": false, "count": 0 },{ "id": "3330d5a3-f38e-48fd-a3e6-000000000001", "data": [ { "text": "Did you encounter your adolescence in a city or wide open?", "userDefined": false } ], "isTemplate": false, "count": 0 },{ "id": "3330d5a3-f38e-48fd-a3e6-000000000001", "data": [ { "text": "Did you experience your pre-adulthood in a city or totally open?", "userDefined": false } ], "isTemplate": false, "count": 0 },{ "id": "3330d5a3-f38e-48fd-a3e6-000000000001", "data": [ { "text": "Did you encounter your pre-adulthood in a city or absolutely open?", "userDefined": false } ], "isTemplate": false, "count": 0 },]