[{ "id": "3330d5a3-f38e-48fd-a3e6-000000000001", "data": [ { "text": "Why is childhood important?", "userDefined": false } ], "isTemplate": false, "count": 0 },{ "id": "3330d5a3-f38e-48fd-a3e6-000000000001", "data": [ { "text": "For what reason is youth vital?", "userDefined": false } ], "isTemplate": false, "count": 0 },{ "id": "3330d5a3-f38e-48fd-a3e6-000000000001", "data": [ { "text": "For what reason is youth fundamental?", "userDefined": false } ], "isTemplate": false, "count": 0 },{ "id": "3330d5a3-f38e-48fd-a3e6-000000000001", "data": [ { "text": "For what reason is youth major?", "userDefined": false } ], "isTemplate": false, "count": 0 },]