[{ "id": "3330d5a3-f38e-48fd-a3e6-000000000001", "data": [ { "text": "Did you usually skip class when you were a child?", "userDefined": false } ], "isTemplate": false, "count": 0 },{ "id": "3330d5a3-f38e-48fd-a3e6-000000000001", "data": [ { "text": "Did you more often than not skip class when you were a tyke?", "userDefined": false } ], "isTemplate": false, "count": 0 },{ "id": "3330d5a3-f38e-48fd-a3e6-000000000001", "data": [ { "text": "Did you as a general rule skip class when you were a tyke?", "userDefined": false } ], "isTemplate": false, "count": 0 },{ "id": "3330d5a3-f38e-48fd-a3e6-000000000001", "data": [ { "text": "Did you when in doubt skip class when you were a tyke?", "userDefined": false } ], "isTemplate": false, "count": 0 },{ "id": "3330d5a3-f38e-48fd-a3e6-000000000001", "data": [ { "text": "Did you if all else fails skip class when you were a tyke?", "userDefined": false } ], "isTemplate": false, "count": 0 },{ "id": "3330d5a3-f38e-48fd-a3e6-000000000001", "data": [ { "text": "Did you as a last resort skip class when you were a tyke?", "userDefined": false } ], "isTemplate": false, "count": 0 },]