[{ "id": "3330d5a3-f38e-48fd-a3e6-000000000001", "data": [ { "text": "How has your fashion style changed recently?", "userDefined": false } ], "isTemplate": false, "count": 0 },{ "id": "3330d5a3-f38e-48fd-a3e6-000000000001", "data": [ { "text": "How has your form style changed as of late?", "userDefined": false } ], "isTemplate": false, "count": 0 },{ "id": "3330d5a3-f38e-48fd-a3e6-000000000001", "data": [ { "text": "How has your shape style changed starting late?", "userDefined": false } ], "isTemplate": false, "count": 0 },{ "id": "3330d5a3-f38e-48fd-a3e6-000000000001", "data": [ { "text": "How has your shape style changed beginning late?", "userDefined": false } ], "isTemplate": false, "count": 0 },]