[{ "id": "3330d5a3-f38e-48fd-a3e6-000000000001", "data": [ { "text": "How to you keep in touch with your friends?", "userDefined": false } ], "isTemplate": false, "count": 0 },{ "id": "3330d5a3-f38e-48fd-a3e6-000000000001", "data": [ { "text": "How to you stay in contact with your companions?", "userDefined": false } ], "isTemplate": false, "count": 0 },{ "id": "3330d5a3-f38e-48fd-a3e6-000000000001", "data": [ { "text": "How to you remain in contact with your friends?", "userDefined": false } ], "isTemplate": false, "count": 0 },]