[{ "id": "3330d5a3-f38e-48fd-a3e6-000000000001", "data": [ { "text": "Do you need communication skills using social networks?", "userDefined": false } ], "isTemplate": false, "count": 0 },{ "id": "3330d5a3-f38e-48fd-a3e6-000000000001", "data": [ { "text": "Do you require relational abilities utilizing informal organizations?", "userDefined": false } ], "isTemplate": false, "count": 0 },{ "id": "3330d5a3-f38e-48fd-a3e6-000000000001", "data": [ { "text": "Do you require social capacities using casual associations?", "userDefined": false } ], "isTemplate": false, "count": 0 },{ "id": "3330d5a3-f38e-48fd-a3e6-000000000001", "data": [ { "text": "Do you require social limits utilizing easygoing affiliations?", "userDefined": false } ], "isTemplate": false, "count": 0 },{ "id": "3330d5a3-f38e-48fd-a3e6-000000000001", "data": [ { "text": "Do you require social cutoff points using agreeable affiliations?", "userDefined": false } ], "isTemplate": false, "count": 0 },{ "id": "3330d5a3-f38e-48fd-a3e6-000000000001", "data": [ { "text": "Do you require social cutoff focuses utilizing pleasant affiliations?", "userDefined": false } ], "isTemplate": false, "count": 0 },{ "id": "3330d5a3-f38e-48fd-a3e6-000000000001", "data": [ { "text": "Do you require social cutoff centers using lovely affiliations?", "userDefined": false } ], "isTemplate": false, "count": 0 },{ "id": "3330d5a3-f38e-48fd-a3e6-000000000001", "data": [ { "text": "Do you require social cutoff focuses utilizing dazzling affiliations?", "userDefined": false } ], "isTemplate": false, "count": 0 },{ "id": "3330d5a3-f38e-48fd-a3e6-000000000001", "data": [ { "text": "Do you require social cutoff centers using astonishing affiliations?", "userDefined": false } ], "isTemplate": false, "count": 0 },{ "id": "3330d5a3-f38e-48fd-a3e6-000000000001", "data": [ { "text": "Do you require social cutoff focuses utilizing shocking affiliations?", "userDefined": false } ], "isTemplate": false, "count": 0 },{ "id": "3330d5a3-f38e-48fd-a3e6-000000000001", "data": [ { "text": "Do you require social cutoff centers using stunning affiliations?", "userDefined": false } ], "isTemplate": false, "count": 0 },]