[{ "id": "3330d5a3-f38e-48fd-a3e6-000000000001", "data": [ { "text": "What are some advantages of using the computer?", "userDefined": false } ], "isTemplate": false, "count": 0 },{ "id": "3330d5a3-f38e-48fd-a3e6-000000000001", "data": [ { "text": "What are a few preferences of utilizing the PC?", "userDefined": false } ], "isTemplate": false, "count": 0 },{ "id": "3330d5a3-f38e-48fd-a3e6-000000000001", "data": [ { "text": "What are a couple of inclinations of using the PC?", "userDefined": false } ], "isTemplate": false, "count": 0 },{ "id": "3330d5a3-f38e-48fd-a3e6-000000000001", "data": [ { "text": "What are a few tendencies of utilizing the PC?", "userDefined": false } ], "isTemplate": false, "count": 0 },]