[{ "id": "3330d5a3-f38e-48fd-a3e6-000000000001", "data": [ { "text": "Are you comfortable with tradition and customs of your culture?", "userDefined": false } ], "isTemplate": false, "count": 0 },{ "id": "3330d5a3-f38e-48fd-a3e6-000000000001", "data": [ { "text": "Is it true that you are OK with convention and traditions of your way of life?", "userDefined": false } ], "isTemplate": false, "count": 0 },{ "id": "3330d5a3-f38e-48fd-a3e6-000000000001", "data": [ { "text": "Is it genuine that you approve of tradition and customs of your lifestyle?", "userDefined": false } ], "isTemplate": false, "count": 0 },{ "id": "3330d5a3-f38e-48fd-a3e6-000000000001", "data": [ { "text": "Is it certifiable that you favor of convention and traditions of your way of life?", "userDefined": false } ], "isTemplate": false, "count": 0 },{ "id": "3330d5a3-f38e-48fd-a3e6-000000000001", "data": [ { "text": "Is it genuine that you support of tradition and conventions of your lifestyle?", "userDefined": false } ], "isTemplate": false, "count": 0 },{ "id": "3330d5a3-f38e-48fd-a3e6-000000000001", "data": [ { "text": "Is it certified that you support of custom and traditions of your way of life?", "userDefined": false } ], "isTemplate": false, "count": 0 },{ "id": "3330d5a3-f38e-48fd-a3e6-000000000001", "data": [ { "text": "Is it affirmed that you support of custom and conventions of your lifestyle?", "userDefined": false } ], "isTemplate": false, "count": 0 },{ "id": "3330d5a3-f38e-48fd-a3e6-000000000001", "data": [ { "text": "Is it confirmed that you support of custom and traditions of your way of life?", "userDefined": false } ], "isTemplate": false, "count": 0 },]