[{ "id": "3330d5a3-f38e-48fd-a3e6-000000000001", "data": [ { "text": "What’s your favorite coffee shop?", "userDefined": false } ], "isTemplate": false, "count": 0 },{ "id": "3330d5a3-f38e-48fd-a3e6-000000000001", "data": [ { "text": "What's your most loved café?", "userDefined": false } ], "isTemplate": false, "count": 0 },{ "id": "3330d5a3-f38e-48fd-a3e6-000000000001", "data": [ { "text": "What's your most adored bistro?", "userDefined": false } ], "isTemplate": false, "count": 0 },{ "id": "3330d5a3-f38e-48fd-a3e6-000000000001", "data": [ { "text": "What's your most revered bistro?", "userDefined": false } ], "isTemplate": false, "count": 0 },{ "id": "3330d5a3-f38e-48fd-a3e6-000000000001", "data": [ { "text": "What's your most worshipped bistro?", "userDefined": false } ], "isTemplate": false, "count": 0 },]