[{ "id": "3330d5a3-f38e-48fd-a3e6-000000000001", "data": [ { "text": "What language do people there speak?", "userDefined": false } ], "isTemplate": false, "count": 0 },{ "id": "3330d5a3-f38e-48fd-a3e6-000000000001", "data": [ { "text": "What dialect do individuals there talk?", "userDefined": false } ], "isTemplate": false, "count": 0 },{ "id": "3330d5a3-f38e-48fd-a3e6-000000000001", "data": [ { "text": "What vernacular do people there talk?", "userDefined": false } ], "isTemplate": false, "count": 0 },{ "id": "3330d5a3-f38e-48fd-a3e6-000000000001", "data": [ { "text": "What vernacular do individuals there talk?", "userDefined": false } ], "isTemplate": false, "count": 0 },]