[{ "id": "3330d5a3-f38e-48fd-a3e6-000000000001", "data": [ { "text": "Why do people like to travel abroad?", "userDefined": false } ], "isTemplate": false, "count": 0 },{ "id": "3330d5a3-f38e-48fd-a3e6-000000000001", "data": [ { "text": "For what reason do individuals jump at the chance to movement abroad?", "userDefined": false } ], "isTemplate": false, "count": 0 },{ "id": "3330d5a3-f38e-48fd-a3e6-000000000001", "data": [ { "text": "For what reason do people seize the opportunity to development abroad?", "userDefined": false } ], "isTemplate": false, "count": 0 },{ "id": "3330d5a3-f38e-48fd-a3e6-000000000001", "data": [ { "text": "For what reason do individuals grab the chance to improvement abroad?", "userDefined": false } ], "isTemplate": false, "count": 0 },{ "id": "3330d5a3-f38e-48fd-a3e6-000000000001", "data": [ { "text": "For what reason do people snatch the opportunity to change abroad?", "userDefined": false } ], "isTemplate": false, "count": 0 },{ "id": "3330d5a3-f38e-48fd-a3e6-000000000001", "data": [ { "text": "For what reason do individuals grab the chance to change abroad?", "userDefined": false } ], "isTemplate": false, "count": 0 },]