[{ "id": "3330d5a3-f38e-48fd-a3e6-000000000001", "data": [ { "text": "Did you take any medical treatment?", "userDefined": false } ], "isTemplate": false, "count": 0 },{ "id": "3330d5a3-f38e-48fd-a3e6-000000000001", "data": [ { "text": "Did you take any therapeutic treatment?", "userDefined": false } ], "isTemplate": false, "count": 0 },{ "id": "3330d5a3-f38e-48fd-a3e6-000000000001", "data": [ { "text": "Did you take any remedial treatment?", "userDefined": false } ], "isTemplate": false, "count": 0 },]