[{ "id": "3330d5a3-f38e-48fd-a3e6-000000000001", "data": [ { "text": "Why do you choose to stay in that particular hotel?", "userDefined": false } ], "isTemplate": false, "count": 0 },{ "id": "3330d5a3-f38e-48fd-a3e6-000000000001", "data": [ { "text": "For what reason do you remain in that specific lodging?", "userDefined": false } ], "isTemplate": false, "count": 0 },{ "id": "3330d5a3-f38e-48fd-a3e6-000000000001", "data": [ { "text": "For what reason do you stay in that particular cabin?", "userDefined": false } ], "isTemplate": false, "count": 0 },{ "id": "3330d5a3-f38e-48fd-a3e6-000000000001", "data": [ { "text": "For what reason do you remain in that specific lodge?", "userDefined": false } ], "isTemplate": false, "count": 0 },{ "id": "3330d5a3-f38e-48fd-a3e6-000000000001", "data": [ { "text": "For what reason do you stay in that particular hotel?", "userDefined": false } ], "isTemplate": false, "count": 0 },]