[{ "id": "3330d5a3-f38e-48fd-a3e6-000000000001", "data": [ { "text": "What type of room did you stay in and what facilities did you get from the hotel?", "userDefined": false } ], "isTemplate": false, "count": 0 },{ "id": "3330d5a3-f38e-48fd-a3e6-000000000001", "data": [ { "text": "What kind of room did you remain in and what offices did you get from the inn?", "userDefined": false } ], "isTemplate": false, "count": 0 },{ "id": "3330d5a3-f38e-48fd-a3e6-000000000001", "data": [ { "text": "What sort of room did you stay in and what workplaces did you get from the hotel?", "userDefined": false } ], "isTemplate": false, "count": 0 },{ "id": "3330d5a3-f38e-48fd-a3e6-000000000001", "data": [ { "text": "What kind of room did you remain in and what working environments did you get from the lodging?", "userDefined": false } ], "isTemplate": false, "count": 0 },{ "id": "3330d5a3-f38e-48fd-a3e6-000000000001", "data": [ { "text": "What sort of room did you stay in and what working situations did you get from the hotel?", "userDefined": false } ], "isTemplate": false, "count": 0 },{ "id": "3330d5a3-f38e-48fd-a3e6-000000000001", "data": [ { "text": "What kind of room did you remain in and what working circumstances did you get from the lodging?", "userDefined": false } ], "isTemplate": false, "count": 0 },{ "id": "3330d5a3-f38e-48fd-a3e6-000000000001", "data": [ { "text": "What sort of room did you stay in and what working conditions did you get from the hotel?", "userDefined": false } ], "isTemplate": false, "count": 0 },{ "id": "3330d5a3-f38e-48fd-a3e6-000000000001", "data": [ { "text": "What kind of room did you remain in and what working conditions did you get from the lodging?", "userDefined": false } ], "isTemplate": false, "count": 0 },]