[{ "id": "3330d5a3-f38e-48fd-a3e6-000000000001", "data": [ { "text": "How does it look like?", "userDefined": false } ], "isTemplate": false, "count": 0 },{ "id": "3330d5a3-f38e-48fd-a3e6-000000000001", "data": [ { "text": "How can it resemble?", "userDefined": false } ], "isTemplate": false, "count": 0 },{ "id": "3330d5a3-f38e-48fd-a3e6-000000000001", "data": [ { "text": "How might it take after?", "userDefined": false } ], "isTemplate": false, "count": 0 },{ "id": "3330d5a3-f38e-48fd-a3e6-000000000001", "data": [ { "text": "By what means may it take after?", "userDefined": false } ], "isTemplate": false, "count": 0 },]