[{ "id": "3330d5a3-f38e-48fd-a3e6-000000000001", "data": [ { "text": "How did you feel about the letter?", "userDefined": false } ], "isTemplate": false, "count": 0 },{ "id": "3330d5a3-f38e-48fd-a3e6-000000000001", "data": [ { "text": "What was your opinion about the letter?", "userDefined": false } ], "isTemplate": false, "count": 0 },{ "id": "3330d5a3-f38e-48fd-a3e6-000000000001", "data": [ { "text": "What was your supposition about the letter?", "userDefined": false } ], "isTemplate": false, "count": 0 },]