[{ "id": "3330d5a3-f38e-48fd-a3e6-000000000001", "data": [ { "text": "How long did it take for you to learn it?", "userDefined": false } ], "isTemplate": false, "count": 0 },{ "id": "3330d5a3-f38e-48fd-a3e6-000000000001", "data": [ { "text": "To what extent did it take for you to learn it?", "userDefined": false } ], "isTemplate": false, "count": 0 },{ "id": "3330d5a3-f38e-48fd-a3e6-000000000001", "data": [ { "text": "Whatever degree did it take for you to learn it?", "userDefined": false } ], "isTemplate": false, "count": 0 },]