[{ "id": "3330d5a3-f38e-48fd-a3e6-000000000001", "data": [ { "text": "Was it a successful project?", "userDefined": false } ], "isTemplate": false, "count": 0 },{ "id": "3330d5a3-f38e-48fd-a3e6-000000000001", "data": [ { "text": "Is it safe to say that it was an effective task?", "userDefined": false } ], "isTemplate": false, "count": 0 },{ "id": "3330d5a3-f38e-48fd-a3e6-000000000001", "data": [ { "text": "Is it safe to state that it was a successful assignment?", "userDefined": false } ], "isTemplate": false, "count": 0 },{ "id": "3330d5a3-f38e-48fd-a3e6-000000000001", "data": [ { "text": "Is it safe to express that it was an effective task?", "userDefined": false } ], "isTemplate": false, "count": 0 },{ "id": "3330d5a3-f38e-48fd-a3e6-000000000001", "data": [ { "text": "Is it safe to express that it was a viable assignment?", "userDefined": false } ], "isTemplate": false, "count": 0 },]