[{ "id": "3330d5a3-f38e-48fd-a3e6-000000000001", "data": [ { "text": "What do you like about his lessons?", "userDefined": false } ], "isTemplate": false, "count": 0 },{ "id": "3330d5a3-f38e-48fd-a3e6-000000000001", "data": [ { "text": "What do you like about his exercises?", "userDefined": false } ], "isTemplate": false, "count": 0 },{ "id": "3330d5a3-f38e-48fd-a3e6-000000000001", "data": [ { "text": "What do you like about his activities?", "userDefined": false } ], "isTemplate": false, "count": 0 },]