[{ "id": "3330d5a3-f38e-48fd-a3e6-000000000001", "data": [ { "text": "What does he usually wear when coming to class?", "userDefined": false } ], "isTemplate": false, "count": 0 },{ "id": "3330d5a3-f38e-48fd-a3e6-000000000001", "data": [ { "text": "What does he as a rule wear when coming to class?", "userDefined": false } ], "isTemplate": false, "count": 0 },{ "id": "3330d5a3-f38e-48fd-a3e6-000000000001", "data": [ { "text": "What does he generally speaking wear when coming to class?", "userDefined": false } ], "isTemplate": false, "count": 0 },]