[{ "id": "3330d5a3-f38e-48fd-a3e6-000000000001", "data": [ { "text": "Do you want to see him again?", "userDefined": false } ], "isTemplate": false, "count": 0 },{ "id": "3330d5a3-f38e-48fd-a3e6-000000000001", "data": [ { "text": "Would you like to see him once more?", "userDefined": false } ], "isTemplate": false, "count": 0 },{ "id": "3330d5a3-f38e-48fd-a3e6-000000000001", "data": [ { "text": "Might you want to see him yet again?", "userDefined": false } ], "isTemplate": false, "count": 0 },{ "id": "3330d5a3-f38e-48fd-a3e6-000000000001", "data": [ { "text": "Might you need to see him once more?", "userDefined": false } ], "isTemplate": false, "count": 0 },{ "id": "3330d5a3-f38e-48fd-a3e6-000000000001", "data": [ { "text": "Might you have to see him yet again?", "userDefined": false } ], "isTemplate": false, "count": 0 },]