[{ "id": "3330d5a3-f38e-48fd-a3e6-000000000001", "data": [ { "text": "Who went with you?", "userDefined": false } ], "isTemplate": false, "count": 0 },{ "id": "3330d5a3-f38e-48fd-a3e6-000000000001", "data": [ { "text": "Who ran with you?", "userDefined": false } ], "isTemplate": false, "count": 0 },{ "id": "3330d5a3-f38e-48fd-a3e6-000000000001", "data": [ { "text": "Who kept running with you?", "userDefined": false } ], "isTemplate": false, "count": 0 },{ "id": "3330d5a3-f38e-48fd-a3e6-000000000001", "data": [ { "text": "Who continued running with you?", "userDefined": false } ], "isTemplate": false, "count": 0 },]