[{ "id": "3330d5a3-f38e-48fd-a3e6-000000000001", "data": [ { "text": "Have you ever attended someone’s wedding? Who was he/she?", "userDefined": false } ], "isTemplate": false, "count": 0 },{ "id": "3330d5a3-f38e-48fd-a3e6-000000000001", "data": [ { "text": "Have you at any point gone to somebody's wedding? Who was he/she?", "userDefined": false } ], "isTemplate": false, "count": 0 },{ "id": "3330d5a3-f38e-48fd-a3e6-000000000001", "data": [ { "text": "Have you anytime gone to some person's wedding? Who was he/she?", "userDefined": false } ], "isTemplate": false, "count": 0 },{ "id": "3330d5a3-f38e-48fd-a3e6-000000000001", "data": [ { "text": "Have you whenever gone to some individual's wedding? Who was he/she?", "userDefined": false } ], "isTemplate": false, "count": 0 },{ "id": "3330d5a3-f38e-48fd-a3e6-000000000001", "data": [ { "text": "Have you at whatever point gone to some person's wedding? Who was he/she?", "userDefined": false } ], "isTemplate": false, "count": 0 },{ "id": "3330d5a3-f38e-48fd-a3e6-000000000001", "data": [ { "text": "Have you at whatever indicate gone some individual's wedding? Who was he/she?", "userDefined": false } ], "isTemplate": false, "count": 0 },{ "id": "3330d5a3-f38e-48fd-a3e6-000000000001", "data": [ { "text": "Have you at whatever show gone some person's wedding? Who was he/she?", "userDefined": false } ], "isTemplate": false, "count": 0 },{ "id": "3330d5a3-f38e-48fd-a3e6-000000000001", "data": [ { "text": "Have you at whatever show gone some individual's wedding? Who was he/she?", "userDefined": false } ], "isTemplate": false, "count": 0 },]