[{ "id": "3330d5a3-f38e-48fd-a3e6-000000000001", "data": [ { "text": "How has wedding changed recently?", "userDefined": false } ], "isTemplate": false, "count": 0 },{ "id": "3330d5a3-f38e-48fd-a3e6-000000000001", "data": [ { "text": "How has wedding changed as of late?", "userDefined": false } ], "isTemplate": false, "count": 0 },{ "id": "3330d5a3-f38e-48fd-a3e6-000000000001", "data": [ { "text": "How has wedding changed starting late?", "userDefined": false } ], "isTemplate": false, "count": 0 },{ "id": "3330d5a3-f38e-48fd-a3e6-000000000001", "data": [ { "text": "How has wedding changed beginning late?", "userDefined": false } ], "isTemplate": false, "count": 0 },]