[{ "id": "3330d5a3-f38e-48fd-a3e6-000000000001", "data": [ { "text": "Are weddings a special event of one’s life in your country?", "userDefined": false } ], "isTemplate": false, "count": 0 },{ "id": "3330d5a3-f38e-48fd-a3e6-000000000001", "data": [ { "text": "Are weddings an extraordinary occasion of one's life in your nation?", "userDefined": false } ], "isTemplate": false, "count": 0 },{ "id": "3330d5a3-f38e-48fd-a3e6-000000000001", "data": [ { "text": "Are weddings an exceptional event of one's life in your country?", "userDefined": false } ], "isTemplate": false, "count": 0 },]