[{ "id": "3330d5a3-f38e-48fd-a3e6-000000000001", "data": [ { "text": "What does it like to eat?", "userDefined": false } ], "isTemplate": false, "count": 0 },{ "id": "3330d5a3-f38e-48fd-a3e6-000000000001", "data": [ { "text": "What does it get a kick out of the chance to eat?", "userDefined": false } ], "isTemplate": false, "count": 0 },{ "id": "3330d5a3-f38e-48fd-a3e6-000000000001", "data": [ { "text": "What does it get a kick out of the opportunity to eat?", "userDefined": false } ], "isTemplate": false, "count": 0 },]