[{ "id": "3330d5a3-f38e-48fd-a3e6-000000000001", "data": [ { "text": "Is there any bookstore or library in your area?", "userDefined": false } ], "isTemplate": false, "count": 0 },{ "id": "3330d5a3-f38e-48fd-a3e6-000000000001", "data": [ { "text": "Is there any book shop or library in your general vicinity?", "userDefined": false } ], "isTemplate": false, "count": 0 },{ "id": "3330d5a3-f38e-48fd-a3e6-000000000001", "data": [ { "text": "Is there any book shop or library in your general region?", "userDefined": false } ], "isTemplate": false, "count": 0 },{ "id": "3330d5a3-f38e-48fd-a3e6-000000000001", "data": [ { "text": "Is there any book shop or library in your general area?", "userDefined": false } ], "isTemplate": false, "count": 0 },{ "id": "3330d5a3-f38e-48fd-a3e6-000000000001", "data": [ { "text": "Is there any book shop or library in your general zone?", "userDefined": false } ], "isTemplate": false, "count": 0 },]