[{ "id": "3330d5a3-f38e-48fd-a3e6-000000000001", "data": [ { "text": "Is that an online or offline business?", "userDefined": false } ], "isTemplate": false, "count": 0 },{ "id": "3330d5a3-f38e-48fd-a3e6-000000000001", "data": [ { "text": "Is that an on the web or disconnected business?", "userDefined": false } ], "isTemplate": false, "count": 0 },{ "id": "3330d5a3-f38e-48fd-a3e6-000000000001", "data": [ { "text": "Is that an on the web or separated business?", "userDefined": false } ], "isTemplate": false, "count": 0 },{ "id": "3330d5a3-f38e-48fd-a3e6-000000000001", "data": [ { "text": "Is that an on the web or isolated business?", "userDefined": false } ], "isTemplate": false, "count": 0 },{ "id": "3330d5a3-f38e-48fd-a3e6-000000000001", "data": [ { "text": "Is that an on the web or segregated business?", "userDefined": false } ], "isTemplate": false, "count": 0 },]