[{ "id": "3330d5a3-f38e-48fd-a3e6-000000000001", "data": [ { "text": "What are some advantages of running your own business?", "userDefined": false } ], "isTemplate": false, "count": 0 },{ "id": "3330d5a3-f38e-48fd-a3e6-000000000001", "data": [ { "text": "What are a few focal points of maintaining your own particular business?", "userDefined": false } ], "isTemplate": false, "count": 0 },{ "id": "3330d5a3-f38e-48fd-a3e6-000000000001", "data": [ { "text": "What are a couple of central purposes of keeping up your own specific business?", "userDefined": false } ], "isTemplate": false, "count": 0 },{ "id": "3330d5a3-f38e-48fd-a3e6-000000000001", "data": [ { "text": "What are two or three focal motivations behind keeping up your own particular business?", "userDefined": false } ], "isTemplate": false, "count": 0 },{ "id": "3330d5a3-f38e-48fd-a3e6-000000000001", "data": [ { "text": "What are a few central inspirations driving keeping up your own specific business?", "userDefined": false } ], "isTemplate": false, "count": 0 },{ "id": "3330d5a3-f38e-48fd-a3e6-000000000001", "data": [ { "text": "What are a couple of focal motivations driving keeping up your own particular business?", "userDefined": false } ], "isTemplate": false, "count": 0 },]