[{ "id": "3330d5a3-f38e-48fd-a3e6-000000000001", "data": [ { "text": "Who were you with when you were a child?", "userDefined": false } ], "isTemplate": false, "count": 0 },{ "id": "3330d5a3-f38e-48fd-a3e6-000000000001", "data": [ { "text": "Who were you with when you were a youngster?", "userDefined": false } ], "isTemplate": false, "count": 0 },{ "id": "3330d5a3-f38e-48fd-a3e6-000000000001", "data": [ { "text": "Who were you with when you were an adolescent?", "userDefined": false } ], "isTemplate": false, "count": 0 },{ "id": "3330d5a3-f38e-48fd-a3e6-000000000001", "data": [ { "text": "Who were you with when you were a pre-adult?", "userDefined": false } ], "isTemplate": false, "count": 0 },{ "id": "3330d5a3-f38e-48fd-a3e6-000000000001", "data": [ { "text": "Who were you with when you were a pre-grown-up?", "userDefined": false } ], "isTemplate": false, "count": 0 },]