[{ "id": "3330d5a3-f38e-48fd-a3e6-000000000001", "data": [ { "text": "What reminds you of your childhood?", "userDefined": false } ], "isTemplate": false, "count": 0 },{ "id": "3330d5a3-f38e-48fd-a3e6-000000000001", "data": [ { "text": "What helps you to remember your youth?", "userDefined": false } ], "isTemplate": false, "count": 0 },{ "id": "3330d5a3-f38e-48fd-a3e6-000000000001", "data": [ { "text": "What encourages you to recall your childhood?", "userDefined": false } ], "isTemplate": false, "count": 0 },{ "id": "3330d5a3-f38e-48fd-a3e6-000000000001", "data": [ { "text": "What urges you to review your youth?", "userDefined": false } ], "isTemplate": false, "count": 0 },{ "id": "3330d5a3-f38e-48fd-a3e6-000000000001", "data": [ { "text": "What urges you to audit your childhood?", "userDefined": false } ], "isTemplate": false, "count": 0 },]