[{ "id": "3330d5a3-f38e-48fd-a3e6-000000000001", "data": [ { "text": "What did you want to be when you were a child?", "userDefined": false } ], "isTemplate": false, "count": 0 },{ "id": "3330d5a3-f38e-48fd-a3e6-000000000001", "data": [ { "text": "What did you need to be the point at which you were a tyke?", "userDefined": false } ], "isTemplate": false, "count": 0 },{ "id": "3330d5a3-f38e-48fd-a3e6-000000000001", "data": [ { "text": "What did you should be the time when you were a tyke?", "userDefined": false } ], "isTemplate": false, "count": 0 },{ "id": "3330d5a3-f38e-48fd-a3e6-000000000001", "data": [ { "text": "What did you ought to be the time when you were a tyke?", "userDefined": false } ], "isTemplate": false, "count": 0 },]