[{ "id": "3330d5a3-f38e-48fd-a3e6-000000000001", "data": [ { "text": "How have social networks changed communication?", "userDefined": false } ], "isTemplate": false, "count": 0 },{ "id": "3330d5a3-f38e-48fd-a3e6-000000000001", "data": [ { "text": "How have interpersonal organizations changed correspondence?", "userDefined": false } ], "isTemplate": false, "count": 0 },{ "id": "3330d5a3-f38e-48fd-a3e6-000000000001", "data": [ { "text": "How have relational associations changed correspondence?", "userDefined": false } ], "isTemplate": false, "count": 0 },{ "id": "3330d5a3-f38e-48fd-a3e6-000000000001", "data": [ { "text": "How have social affiliations changed correspondence?", "userDefined": false } ], "isTemplate": false, "count": 0 },]