[{ "id": "3330d5a3-f38e-48fd-a3e6-000000000001", "data": [ { "text": "What are some advantages of using a mobile phone?", "userDefined": false } ], "isTemplate": false, "count": 0 },{ "id": "3330d5a3-f38e-48fd-a3e6-000000000001", "data": [ { "text": "What are a few points of interest of utilizing a mobile phone?", "userDefined": false } ], "isTemplate": false, "count": 0 },{ "id": "3330d5a3-f38e-48fd-a3e6-000000000001", "data": [ { "text": "What are a couple of purposes of enthusiasm of using a mobile phone?", "userDefined": false } ], "isTemplate": false, "count": 0 },{ "id": "3330d5a3-f38e-48fd-a3e6-000000000001", "data": [ { "text": "What are two or three reasons for eagerness of utilizing a mobile phone?", "userDefined": false } ], "isTemplate": false, "count": 0 },{ "id": "3330d5a3-f38e-48fd-a3e6-000000000001", "data": [ { "text": "What are a few explanations behind excitement of using a mobile phone?", "userDefined": false } ], "isTemplate": false, "count": 0 },]