[{ "id": "3330d5a3-f38e-48fd-a3e6-000000000001", "data": [ { "text": "How long has your country been practicing those customs?", "userDefined": false } ], "isTemplate": false, "count": 0 },{ "id": "3330d5a3-f38e-48fd-a3e6-000000000001", "data": [ { "text": "To what extent has your nation been rehearsing those traditions?", "userDefined": false } ], "isTemplate": false, "count": 0 },{ "id": "3330d5a3-f38e-48fd-a3e6-000000000001", "data": [ { "text": "What exactly degree has your country been practicing those customs?", "userDefined": false } ], "isTemplate": false, "count": 0 },{ "id": "3330d5a3-f38e-48fd-a3e6-000000000001", "data": [ { "text": "What precisely degree has your nation been rehearsing those traditions?", "userDefined": false } ], "isTemplate": false, "count": 0 },{ "id": "3330d5a3-f38e-48fd-a3e6-000000000001", "data": [ { "text": "What definitely degree has your country been practicing those conventions?", "userDefined": false } ], "isTemplate": false, "count": 0 },{ "id": "3330d5a3-f38e-48fd-a3e6-000000000001", "data": [ { "text": "What unquestionably degree has your nation been rehearsing those traditions?", "userDefined": false } ], "isTemplate": false, "count": 0 },{ "id": "3330d5a3-f38e-48fd-a3e6-000000000001", "data": [ { "text": "What certainly degree has your country been practicing those conventions?", "userDefined": false } ], "isTemplate": false, "count": 0 },]