[{ "id": "3330d5a3-f38e-48fd-a3e6-000000000001", "data": [ { "text": "How do people greet each other?", "userDefined": false } ], "isTemplate": false, "count": 0 },{ "id": "3330d5a3-f38e-48fd-a3e6-000000000001", "data": [ { "text": "How do individuals welcome each other?", "userDefined": false } ], "isTemplate": false, "count": 0 },{ "id": "3330d5a3-f38e-48fd-a3e6-000000000001", "data": [ { "text": "How do people welcome each other?", "userDefined": false } ], "isTemplate": false, "count": 0 },]