[{ "id": "3330d5a3-f38e-48fd-a3e6-000000000001", "data": [ { "text": "What are traditional costumes of men and women in your country?", "userDefined": false } ], "isTemplate": false, "count": 0 },{ "id": "3330d5a3-f38e-48fd-a3e6-000000000001", "data": [ { "text": "What are conventional outfits of people in your nation?", "userDefined": false } ], "isTemplate": false, "count": 0 },{ "id": "3330d5a3-f38e-48fd-a3e6-000000000001", "data": [ { "text": "What are regular outfits of individuals in your country?", "userDefined": false } ], "isTemplate": false, "count": 0 },{ "id": "3330d5a3-f38e-48fd-a3e6-000000000001", "data": [ { "text": "What are general outfits of people in your nation?", "userDefined": false } ], "isTemplate": false, "count": 0 },{ "id": "3330d5a3-f38e-48fd-a3e6-000000000001", "data": [ { "text": "What are general outfits of individuals in your country?", "userDefined": false } ], "isTemplate": false, "count": 0 },]